player_id,name,team,PA,runs_per_pa,wRAA,wRC,wRC_plus
693304,nick gonzales,PIT,3,0.48564839733175597,1.4441948241019866,2.249689699202901,413.75202582858515
680118,dairon blanco,KC,1,0.37863009215223015,0.37619265927909573,0.6446909509794004,345.184112934455
670276,cal stevenson,PHI,2,0.3354714215398533,0.6675300315129531,1.2045266149135625,317.5318345488871
608348,carson kelly,CHC,45,0.27245297164343135,12.231629119556137,24.31405224606985,277.155157157367
680700,richie palacios,TB,4,0.26603205446794065,1.0620072863059002,2.136000453107119,273.0411984392681
642851,austin wynns,CIN,24,0.25344393290312867,6.075046061442485,12.519005062249798,264.9758378310169
623168,tyler heineman,TOR,27,0.22553531273676733,6.093657508755099,13.343111384663326,247.09444984461354
624641,edmundo sosa,PHI,32,0.20820215850529622,6.676846585516068,15.268791919925818,235.98888984223544
682622,noelvi marte,CIN,20,0.19614262789555675,3.935923821229124,9.305889655235218,228.26220380468732
592450,aaron judge,NYY,99,0.19485140312178958,19.357156884607942,45.93848776293811,227.43490059085025
671056,iván herrera,STL,24,0.17498887989839326,4.224017950963928,10.66797695177124,214.70874351001444
643565,mike tauchman,CWS,12,0.1649907675798831,1.994063819341624,5.21604331974528,208.3028329191925
663757,trent grisham,NYY,56,0.15500255516523334,8.755765432481839,23.791669767698902,201.90326531562332
624413,pete alonso,NYM,95,0.15229362707269642,14.600541471836967,40.10787918336592,200.16762256577843
553882,omar narváez,CWS,10,0.14698388286628825,1.484701031507918,4.169683948510965,196.76560570871496
663656,kyle tucker,CHC,105,0.14668337818290345,15.558342287692788,43.75066291622478,196.57306875048113
669720,austin hays,CIN,30,0.14637064550258294,4.436017586402536,12.490966337411678,196.37269716781225
518692,freddie freeman,LAD,46,0.13222682843079875,6.162298257283885,18.5132196754979,187.31058377196163
656775,cedric mullins,BAL,84,0.12961649873082737,11.037338759319185,33.59119526214478,185.63811419591715
593871,jorge polanco,SEA,55,0.12506115285113134,6.98052867292383,21.74793471644059,182.7194494034066
677347,kyren paris,LAA,61,0.12496032119112677,7.735994342401722,24.114390136120306,182.65484534834738
665804,miguel amaya,CHC,50,0.12023352715048433,6.108642419288442,19.533557004303677,179.6263316608659
701538,jackson merrill,SD,41,0.11339735451400232,4.733551176390765,15.741981136103258,175.246313783726
695336,thomas saggese,STL,36,0.11279074075780761,4.134820639037002,13.800759140247973,174.85764906767238
666018,jonathan aranda,TB,73,0.11133103579792225,8.279743845741022,27.880119139863268,173.92239857596775
687263,zach neto,LAA,10,0.11008497762108294,1.1219619628792579,3.806944879882305,173.124034143012
669257,will smith,LAD,61,0.10869717470417031,6.760745909427106,23.13914170314569,172.23485215343132
679529,spencer torkelson,DET,97,0.10864502514701681,10.745721489586856,36.79005578451641,172.20143930610234
700337,edgar quero,CWS,12,0.10856020859302982,1.328367047915192,4.550346548318848,172.14709632173154
665828,oswaldo cabrera,NYY,55,0.10320591979031805,5.798851125079909,20.566257168596668,168.716539207054
665487,fernando tatís,SD,94,0.10307348409389809,9.898525647584046,35.13736506741269,168.63168606645377
656248,sean bouchard,COL,35,0.10274339506409141,3.6742638238758225,13.071704033386487,168.42019406230432
808982,jung hoo lee,SF,90,0.09661332059355104,8.905745152108324,33.070591405135744,164.49258175686333
666158,gavin lux,CIN,83,0.09455382027081433,8.045032936592184,30.330391147717478,163.17303517557568
656976,pavin smith,AZ,66,0.09440732153342629,6.387749962886949,24.10863721510706,163.079171675799
683737,michael busch,CHC,82,0.09086687542041105,7.650896246599671,29.667756166024656,160.81076534777543
545341,randal grichuk,AZ,31,0.08945194372330068,2.8492920681780696,11.172739110887516,159.90420162303826
622534,manuel margot,DET,20,0.08659645288518067,1.7821104638390968,7.152076297845191,158.07465436259767
578428,jose iglesias,SD,52,0.08504032507309746,4.55393917014563,18.515850338561474,157.07762459192372
573262,mike yastrzemski,SF,74,0.08445072145561182,6.437714096273151,26.3065876820957,156.69985847594944
656305,matt chapman,SF,96,0.08423964849378501,8.331709310894826,34.10754531412408,156.56462149535471
672695,geraldo perdomo,AZ,100,0.08238810050670477,8.496845242498969,35.34667441252944,155.378312472011
661388,william contreras,MIL,88,0.08150898692850589,7.401172185893915,31.029021855520728,154.8150538486113
686668,brenton doyle,COL,57,0.0806645079521202,4.746621095203682,20.051023722121048,154.27398603038526
676609,josé caballero,TB,47,0.08027604135339425,3.8959318772042075,16.51535158711853,154.02509081700063
682998,corbin carroll,AZ,105,0.07940420595341172,8.613685443274763,36.806006071806756,153.4664954097594
676356,jonny deluca,TB,25,0.07914057745396823,2.044398408340004,8.756855700847622,153.2975854652791
665839,enmanuel valdez,PIT,56,0.07895049210021084,4.5689879575148,19.60489229273186,153.17579549713278
694362,blake dunn,CIN,44,0.07881943132319512,3.5842501119531143,15.39817494676652,153.09182328390088
656811,ryan o'hearn,BAL,61,0.078280983682075,4.936785050736815,21.3151808444554,152.7468334161167
669221,sean murphy,ATL,42,0.07802507149899297,3.3885316483763908,14.66545989978919,152.58286740816433
669701,josh smith,TEX,52,0.07774679783262511,4.181099765958523,18.143010934374367,152.40457412941885
647304,josh naylor,AZ,96,0.07667471548505367,7.617776779247502,33.39361278247675,151.71767809887248
682829,elly de la cruz,CIN,96,0.07639720077927163,7.59158662313645,33.3674226263657,151.53987109528575
665489,vladimir guerrero,TOR,98,0.07475748809252841,7.591774653504413,33.904607240134276,150.48928749197225
691016,tyler soderstrom,ATH,94,0.07356578795593288,7.171783893395381,32.41062331322402,149.72575090797451
571448,nolan arenado,STL,86,0.07342953752051214,6.549900242427067,29.640753328653272,149.63845361830013
542303,marcell ozuna,ATL,77,0.07321474217009581,5.848186467710663,26.522554928634122,149.50083165864842
663993,nathaniel lowe,WSH,89,0.07288563980759077,6.7307981603658416,30.62714612169296,149.2899718240842
668930,brice turang,MIL,96,0.07255074130965353,7.228581089068437,33.004417092297686,149.07539833596536
679032,johan rojas,PHI,36,0.07150378678463011,2.673665949693287,12.339604450904258,148.40460200298762
802415,chandler simpson,TB,8,0.07132565082539463,0.5927470394643641,2.740733373066802,148.29046815536518
641343,jake bauers,MIL,22,0.06941172290121038,1.5886611480330772,7.4956235654397805,147.0641915574415
547180,bryce harper,PHI,99,0.06773372066543823,6.9856667442661955,33.56699762259636,145.98907538039524
666139,josh lowe,TB,2,0.06586068710085066,0.13744196492782884,0.6744385483284383,144.78900028960607
656716,zach mckinstry,DET,81,0.06482778995518505,5.484152033652418,27.232513661377098,144.12721068834313
665833,oneil cruz,PIT,82,0.06377062977162898,5.4666387970579065,27.48349871648289,143.4498754674235
642136,matt thaiss,CWS,46,0.06317485388660544,3.0397095428836693,15.390630961097685,143.06815470553903
807712,luke keaschall,MIN,13,0.06229683921874726,0.8478274934171457,4.338305285521107,142.50560016718714
592885,christian yelich,MIL,86,0.062167072304175786,5.597734030539805,28.68858711676601,142.4224569471562
677800,wilyer abreu,BOS,84,0.061443829910428516,5.40783083956156,27.961687342387158,141.95906686288407
670224,kameron misner,TB,57,0.0602766568409327,3.6041975077470942,18.90860013466446,141.21124506522702
660688,keibert ruiz,WSH,78,0.06017843617469122,4.92452830206595,25.867395054689716,141.14831390521704
663853,romy gonzalez,BOS,29,0.0590061845963567,1.7974948896183653,9.583945348927202,140.397238245979
670223,matt mervis,MIA,61,0.05895461749959254,3.777845213991428,20.156241007710012,140.36419858801398
656941,kyle schwarber,PHI,100,0.05861823105139377,6.160120006249651,33.009949176280124,140.1486717522996
666160,mickey moniak,COL,58,0.058324363611502006,3.5561139908421997,19.129014909459872,139.96038735565253
805779,jacob wilson,ATH,82,0.057444501691370164,4.956682821415881,26.973542740840866,139.39664926059248
702358,trey lipscomb,WSH,4,0.05622853889645381,0.2370079392772093,1.3110011060784281,138.6175673001329
670623,isaac paredes,HOU,93,0.05512077213739156,5.409157284658372,30.37949841278671,137.90780783874942
700250,ben rice,NYY,78,0.05471945808835398,4.505940271184344,25.44880702380811,137.65068110971518
606192,teoscar hernández,LAD,75,0.054453633246983144,4.313035706176342,24.450407583699196,137.4803639425947
680977,brendan donovan,STL,93,0.05294796601106481,5.210509018872911,30.180850147001248,136.51566486885395
641584,jake fraley,CIN,59,0.05287549112199568,3.301388152449036,19.142787362767013,136.46922933735894
695578,james wood,WSH,95,0.05226132294490254,5.2584367775603384,30.765774489089285,136.07572441314412
592192,mark canha,KC,21,0.05181182111404314,1.153111637334251,6.79157576304065,135.7877231937974
663538,nico hoerner,CHC,86,0.0511625185130792,4.667372507062749,27.758225593288955,135.37170722241626
596115,trevor story,BOS,90,0.05061556322028384,4.836067419954274,29.000913672981696,135.0212664000685
686217,sal frelick,MIL,88,0.050332661078913016,4.704125547903294,28.331975217530108,134.84000760182332
608070,josé ramírez,CLE,84,0.04896633215550926,4.377474046355632,26.931330549181226,133.96458425768122
608369,corey seager,TEX,80,0.048926926194451215,4.165923821463613,25.645787157487987,133.93933638535876
663457,lars nootbaar,STL,97,0.0474223656715982,4.907712253372558,30.952046548302114,132.97534639596518
673548,seiya suzuki,CHC,85,0.04679007624984023,4.247738325243845,27.070093119769744,132.5702309727462
680757,steven kwan,CLE,94,0.046577262517414696,4.677833201578845,29.91667262140749,132.4338786595307
543807,george springer,TOR,71,0.04644191200043889,3.5238098794682737,22.587188590189907,132.34715795840765
677950,alek thomas,AZ,60,0.04577955750112123,2.938799376536804,19.048696878555084,131.92277947906186
666310,bo naylor,CLE,54,0.04454614909210283,2.57944353279361,17.078351284610065,131.1325199042107
663728,cal raleigh,SEA,99,0.043499781515948244,4.6271440473746495,31.208474925704817,130.46209963641962
628451,andy ibáñez,DET,39,0.04195805627858594,1.7637054810765973,12.235138857388481,129.47429776827374
527038,wilmer flores,SF,84,0.041074501059630744,3.725788753343544,26.27964525616914,128.90819333231914
542963,rob brantly,MIA,7,0.040966432103908205,0.30973872682258397,2.189226768724717,128.83895225500893
666149,tyler fitzgerald,SF,70,0.040546765355297894,3.06850818166227,21.8633886006836,128.57006673103243
621566,matt olson,ATL,89,0.039543802604991116,3.813637248774359,27.70998521010148,127.9274564562413
620443,luis torrens,NYM,53,0.03907181903687911,2.2464509869238753,16.476860447040025,127.62505091794134
672356,gabriel arias,CLE,72,0.03834859786884388,3.0005925496224526,22.332469552044394,127.16167443323772
680574,matt mclain,CIN,59,0.038334448377372356,2.4579982151207025,18.29939742543868,127.15260868418581
630105,jake cronenworth,SD,45,0.03830383595922313,1.8733901758141818,13.955813302327893,127.13299494037243
606466,ketel marte,AZ,32,0.03822846866847088,1.3298176667501052,9.921763001159857,127.08470621239549
545361,mike trout,LAA,90,0.03791637107446263,3.712499175685252,27.877345428712676,126.88474153715113
663624,ryan mountcastle,BAL,69,0.0378043767693454,2.83865265217014,21.365034779491165,126.81298544135953
700932,kyle manzardo,CLE,81,0.03741363434978319,3.301217332358587,25.049578960083267,126.56263208224362
660271,shohei ohtani,LAD,86,0.036729061726543874,3.447120137009755,26.53797322323596,126.12401818417045
694192,jackson chourio,MIL,99,0.036506428694808905,3.946529094341939,30.527859972672108,125.9813745280057
624431,jose trevino,CIN,49,0.03644888357606408,1.9505606318524715,15.106976925167402,125.94450467959093
608324,alex bregman,BOS,100,0.03625116627841482,3.9612991496982026,30.811128319728674,125.81782483337082
657077,alex verdugo,ATL,14,0.035575328940844524,0.5452804221029708,4.304256505907237,125.38480773769376
691176,jasson domínguez,NYY,74,0.03526742761043079,2.8597977485195516,22.7286713343421,125.18753165891097
609280,miguel andújar,ATH,70,0.03520049634326449,2.7006082560619884,21.495488675083315,125.14464799252087
664056,harrison bader,MIN,61,0.03518797889490019,2.352636563568829,18.731032357287415,125.13662791308062
602104,ramón urías,BAL,54,0.034989383262430465,2.072119359058583,16.571027110875036,125.00938530719657
701358,cam smith,HOU,61,0.03439519703114305,2.305095992564322,18.683491786282907,124.62868305554476
669242,tommy edman,LAD,84,0.03356666285828643,3.105812517323283,25.65966902014888,124.09783126435873
660162,yoán moncada,LAA,27,0.032318107715374286,0.965156892755907,8.214610768664134,123.29786699526379
691406,junior caminero,TB,84,0.03144177518211782,2.930345248569279,25.484201751394874,122.73639022074543
665742,juan soto,NYM,97,0.03097744839638056,3.339574250807548,29.383908545737103,122.43889047483343
677951,bobby witt,KC,100,0.030278369994518238,3.374136320142196,30.223965490172667,121.99098255025311
664034,ty france,MIN,86,0.030246171840753264,2.899035096473355,25.98988818269956,121.97035280659378
692225,kristian campbell,BOS,87,0.02947619038052407,2.8668910777357786,26.226242455662288,121.4770164413194
592518,manny machado,SD,91,0.0294683071930424,2.9979969426147326,27.43134148734246,121.47196558846144
689414,liam hicks,MIA,55,0.029412878171718004,1.8089792154473447,16.576385258964105,121.43645154906788
666182,bo bichette,TOR,105,0.029378498195181364,3.44995702231534,31.642277650847333,121.41442388536576
693307,dillon dingler,DET,59,0.02919207378525485,1.9277345421713068,17.769133752489285,121.29497952788188
553993,eugenio suárez,AZ,88,0.029079125294827167,2.865493968658662,26.493343638285474,121.22261207410678
682177,daniel schneemann,CLE,35,0.028106218471974122,1.106210135083681,10.503650344594345,120.59925899285977
668227,randy arozarena,SEA,99,0.02795345068043681,3.114126543172888,29.695457421503054,120.50137883482897
656555,rhys hoskins,MIL,71,0.02699004724633361,2.1661204324385976,21.22949914316023,119.8841146888431
669127,shea langeliers,ATH,80,0.02683972718430261,2.4288771650784358,23.908740501102812,119.78780282049226
502671,paul goldschmidt,NYY,92,0.02657013232128068,2.768826124215101,27.47066896064313,119.61507015524042
668709,jj bleday,ATH,88,0.026254111931490732,2.6211036312397136,26.248953300866525,119.41259209764519
641680,jonah heim,TEX,51,0.026202981588751107,1.5164852165647889,15.209898093280328,119.37983227322695
670156,miles mastrobuoni,SEA,35,0.02564323977945129,1.0214660195430385,10.418906229053704,119.02119897625137
596019,francisco lindor,NYM,96,0.02442773270218163,2.687023176266792,28.462859179496043,118.24240899955896
681082,bryson stott,PHI,82,0.02379422445828033,2.244097850116514,24.2609577695415,117.83651266236066
669743,alex call,WSH,56,0.023567766365517502,1.5200877796189782,16.55599211483604,117.69141824367514
666163,ben rortvedt,TB,26,0.023242029152962997,0.6974293248550947,7.678384909063017,117.48271450108321
670770,tj friedl,CIN,93,0.023163465434657686,2.487468377970581,27.45780950609892,117.43237778359958
805367,chase meidroth,CWS,31,0.022990189002862416,0.8238755409346809,9.147322583644128,117.32135749354723
682928,cj abrams,WSH,46,0.022620441099961818,1.2058046832093834,13.556726101423399,117.08445557329772
642201,eli white,ATL,20,0.022100348532077596,0.5140372422758899,5.884003076281984,116.7512260212903
621439,byron buxton,MIN,83,0.021922633812431643,2.118754076552736,24.40411228767803,116.63736206692987
650402,gleyber torres,DET,44,0.021794197961354716,1.117639475068351,12.931564309881757,116.5550716752595
657757,gavin sheets,SD,63,0.021569521041287745,1.5863416283623688,18.501734005481566,116.41111847530337
608701,rob refsnyder,BOS,21,0.020702085998390525,0.5108729541292725,6.1493370798356715,115.85534242967344
605170,víctor caratini,HOU,32,0.01880886817726907,0.7189162647918286,9.31086159920158,114.64233504340895
681481,kerry carpenter,DET,77,0.018599505528844772,1.7140443965006256,22.388412857424086,114.50819388114368
678882,ceddanne rafaela,BOS,74,0.017728143412189545,1.5838748333459396,21.452748419168486,113.94990171221211
680777,ryan jeffers,MIN,58,0.017697006126811833,1.2396400369928595,16.812540955610533,113.92995167966433
641933,tyler o'neill,BAL,65,0.017243109367291006,1.3602482067201318,18.812637167239938,113.63913457676271
606115,orlando arcia,ATL,28,0.01682320654943494,0.5743949410597388,8.092347108668271,113.3700978003864
663743,nick fortes,MIA,24,0.016506739060298765,0.48487194997367156,6.928830950780984,113.16733328087255
670242,matt wallner,MIN,67,0.015997016535782557,1.3200279121420873,19.309413456062504,112.84074794014442
691594,javier sanoja,MIA,44,0.0153902101729804,0.8406367612512334,12.654561596064639,112.45195981872513
669364,xavier edwards,MIA,100,0.015275810361876266,1.899291884507448,28.74912105453792,112.37866248636938
666176,jo adell,LAA,62,0.014761899803800094,1.1462382041302472,17.793132289549142,112.0493938222616
650968,yohel pozo,STL,20,0.014716529301451915,0.3688622191774693,5.738828053183563,112.02032439672965
571657,kyle farmer,COL,67,0.01469154675082955,1.2340429549148202,19.223428498835236,112.00431777662784
663968,jake mangum,TB,69,0.014548666111604132,1.2611882829490075,19.787570410270032,111.91277243577954
702616,jackson holliday,BAL,63,0.013210293334129665,1.0686304319830784,17.984022809102274,111.05526092995073
671732,lawrence butler,ATH,94,0.013154133679345013,1.5892748630261426,26.828114282854784,111.01927876492785
694671,wyatt langford,TEX,52,0.01310760755618494,0.8767949494807007,14.838706117896546,110.98946891926838
543309,kyle higashioka,TEX,38,0.013082797211508831,0.6398079468268887,10.842743031438467,110.97357263358367
672640,otto lopez,MIA,86,0.012418594318309543,1.3918324875765433,24.482685573802748,110.5480098660878
666624,christopher morel,TB,68,0.011828014280405289,1.0610394943107642,19.318923329931486,110.16961814582929
696100,hunter goodman,COL,73,0.010722115301951532,1.0596939044313285,20.660069198553572,109.46105539390456
672820,lenyn sosa,CWS,73,0.010555831272280086,1.0477607776991114,20.648136071821355,109.35451521983744
592206,nick castellanos,PHI,88,0.010552317132453385,1.2627500819001145,24.890599751526928,109.35226366826282
516782,starling marte,NYM,44,0.009986011792547786,0.6068796606984354,12.420804495511842,108.9894250384323
643217,andrew benintendi,CWS,49,0.009622818238432534,0.6583482134810176,13.814764506795948,108.7567225681352
668804,bryan reynolds,PIT,100,0.009150408996544103,1.2971270312490901,28.14695620127956,108.45404429553642
691718,pete crow-armstrong,CHC,95,0.008833617547289632,1.2026852481503767,26.710022959679325,108.2510722108856
665052,griffin conine,MIA,71,0.008786304277072485,0.8955466320223461,19.958925342743978,108.22075803065685
673962,josh jung,TEX,50,0.008398648103669002,0.6116121420945129,14.036526727109749,107.97238206650557
624585,jorge soler,LAA,86,0.007592850566645072,0.9838480845795858,24.07470117080579,107.45609791085317
686469,vinnie pasquantino,KC,91,0.0071953562861210765,1.0054892607070434,25.438833805434772,107.20141855336229
681393,connor norby,MIA,16,0.006477236822569565,0.1654940267380347,4.46146669394291,106.74131079196785
683083,nasim nuñez,WSH,26,0.0059369272063368155,0.2551176910975305,7.236073275305453,106.3951279343758
646240,rafael devers,BOS,105,0.00593262214805467,1.0298386087198539,29.222159237251848,106.39236963185175
605141,mookie betts,LAD,88,0.0056576103453374275,0.8393117156272853,24.467161385254098,106.21616626830624
664023,ian happ,CHC,108,0.005615598298361139,1.0256039305830424,30.02341943421595,106.18924864544962
593428,xander bogaerts,SD,89,0.005491631215714087,0.8343274186649503,24.73067537999207,106.10982144736028
690924,braxton fulford,COL,7,0.005474151597266227,0.06550097282278,1.944989014724913,106.09862204597613
596142,gary sánchez,BAL,25,0.004298017932896947,0.20502674175199784,6.9174840342596156,105.3450590876108
695238,will wagner,TOR,56,0.00428619259786632,0.45860889950894945,15.494513234726012,105.33748245349233
666969,adolis garcía,TEX,84,0.0040120975703755715,0.6652793501150207,23.219135852940617,105.16186647884041
687597,jordan beck,COL,32,0.003445661384680313,0.23562081427936832,8.827566148689119,104.79894401454159
677008,heston kjerstad,BAL,50,0.003307382656772032,0.36136069505616764,13.786275280071404,104.71034717352062
607680,kevin pillar,TEX,23,0.002640706577309082,0.15115209152879333,6.326612800635801,104.28319980589474
694384,nolan schanuel,LAA,86,0.0023319745224072447,0.5390761524998804,23.629929238726085,104.0853914719595
702332,caleb durbin,MIL,12,0.0014178910926667583,0.06443672144520385,3.28641622184886,103.4997272448605
668670,jake rogers,DET,22,-0.00010179508197314593,0.0852671875329642,5.992229604939667,102.52604606878204
672580,maikel garcía,KC,83,-0.001093484490302088,0.24077380404521606,22.526132015170507,101.89065875953376
660844,leo rivas,SEA,17,-0.0013347904482186067,0.04528239881729662,4.609753357722477,101.73605113539415
670541,yordan álvarez,HOU,84,-0.001627016593697419,0.19961710751308015,22.753473610338677,101.54881833578135
457759,justin turner,CHC,40,-0.0017920612137048973,0.08856580255849567,10.828497470570683,101.44307226636515
663586,austin riley,ATL,91,-0.0021861375351258337,0.16623367285428128,24.59957821758201,101.19058283630457
607208,trea turner,PHI,89,-0.0025810540562894247,0.12802794920341842,24.024375910530537,100.93755508018216
621512,tomás nido,DET,10,-0.002999596322061415,0.010270633399089013,2.695253550402136,100.66939002585971
674441,jacob hurtubise,CIN,10,-0.003541280432632632,0.0049455434417092214,2.689928460444756,100.32232651324402
694374,tim tawa,AZ,33,-0.0036703034153368636,0.012134653385926453,8.87257827949598,100.23965993929143
669065,kyle stowers,MIA,84,-0.003903225311380437,0.011654171266939573,22.565510674092536,100.09042408424533
664238,dylan moore,SEA,62,-0.005068970634318818,-0.06245009800501489,16.584443987413877,99.34351706094787
676694,jake meyers,HOU,66,-0.005694689101229939,-0.10707705443363741,17.61381019778647,98.94261172738426
672275,patrick bailey,SF,61,-0.00604132597400652,-0.11975185144561604,16.25864394227297,98.72051732158549
686676,korey lee,CWS,18,-0.0065549204724945475,-0.044424724945810345,4.788544525659675,98.39145116065016
677594,julio rodríguez,SEA,100,-0.00693035902353174,-0.2837119599548077,26.566117210075664,98.15090317382275
664702,myles straw,TOR,40,-0.006959115953482227,-0.114615577637458,10.62531609037473,98.1324782635736
688363,graham pauley,MIA,57,-0.0073882550899322195,-0.187373806533033,15.117028820384334,97.85752366699126
669003,garrett mitchell,MIL,62,-0.008419246113286654,-0.266648839204756,16.380245246214137,97.19695534117625
672724,oswald peraza,NYY,24,-0.009086057357647495,-0.11895130654129371,6.325007694266019,96.76972137177763
686780,pedro pagés,STL,53,-0.010071038924661454,-0.3140039199027011,13.916405540213448,96.13863185698818
696285,jacob young,WSH,55,-0.010136978239773267,-0.32941835788748264,14.437987685629277,96.0963837461879
671277,luis garcía,WSH,74,-0.011155473341937918,-0.5173094609013233,19.351564124921225,95.44382170709399
686948,drake baldwin,ATL,46,-0.011611470757242573,-0.34219133490937836,12.008730083304638,95.15165868881309
624415,cavan biggio,KC,37,-0.011822436635302951,-0.2829143792472022,9.651522413664072,95.01649031807304
669398,gage workman,CHC,12,-0.01218071412641264,-0.09598252218399328,3.1259969782196633,94.78693762836143
680776,jarren duran,BOS,105,-0.012290289236104722,-0.8511575759173864,27.341163052614608,94.71673154012142
650859,luis rengifo,LAA,83,-0.01241307946413254,-0.6828387605940586,21.602519450531233,94.63805836691485
687363,victor scott,STL,77,-0.0130140962166716,-0.6789713448228101,19.99539711610065,94.252979718296
665966,carlos narváez,BOS,56,-0.014280637075183357,-0.5635222712156684,14.472382064001394,93.44149178529607
681351,logan o'hoppe,LAA,65,-0.014973258940943684,-0.69834621013172,16.754042750388084,92.99772064090767
641487,j. p. crawford,SEA,79,-0.015142035233757003,-0.8618667255360581,20.349498318788015,92.88958364392566
650489,willi castro,MIN,72,-0.015720040013159495,-0.8264102289812423,18.5054667734407,92.51924904275648
642133,rowdy tellez,SEA,49,-0.015843334565780624,-0.5683571750124061,12.588059118302525,92.44025274272852
676572,eric wagaman,MIA,66,-0.01719224883648879,-0.8530626857748267,16.867824566445282,91.57598717563316
683011,anthony volpe,NYY,92,-0.018006142589687614,-1.26272761152658,23.439115224901453,91.05451567708161
542932,jon berti,CHC,25,-0.01837381119890142,-0.3521685279129001,6.360288764594718,90.81894598525938
669234,justyn-henry malloy,DET,54,-0.018858723044534485,-0.7864257310133196,13.712482020803133,90.50825714434639
683766,christian koss,SF,15,-0.0189990629133331,-0.22052103356007768,3.8069533419444928,90.41833970561277
665926,andrés giménez,TOR,95,-0.01921919349958973,-1.417191401235833,24.090146310293115,90.27729939630812
665019,kody clemens,PHI,6,-0.019758383588252337,-0.09268716864856158,1.5183025815532667,89.9318338334703
606992,eric haase,MIL,17,-0.020001520087723677,-0.266676954283478,4.297794004621702,89.77605335938067
642715,willy adames,SF,99,-0.02055928318687001,-1.607284334707873,24.974046543622293,89.41868784575503
650333,luis arráez,SD,96,-0.021881904258892065,-1.6833997101127682,24.092436293116485,88.5712686467104
671218,heliot ramos,SF,98,-0.021883235682360613,-1.7185988068282239,24.594233779801634,88.57041558771022
668939,adley rutschman,BAL,87,-0.022733245949532663,-1.598393162667022,21.760958215259485,88.02580380507361
641355,cody bellinger,NYY,77,-0.023272071644140538,-1.4554566333275796,19.218911827595882,87.68057171388124
664040,brandon lowe,TB,77,-0.023285700544709628,-1.456488283370537,19.217880177552924,87.67183951367028
624424,michael conforto,LAD,75,-0.023743290882631878,-1.4523953899308475,18.684976487592007,87.37865589074508
665862,jazz chisholm,NYY,94,-0.02498753097103279,-1.9353130644818675,23.303526355346776,86.58145632887816
663698,joey bart,PIT,60,-0.025118811656053293,-1.2430496335293495,14.866847868488932,86.49734321794759
645277,ozzie albies,ATL,91,-0.02664757800677112,-2.0220532880411897,22.41129125668654,85.5178442640476
643396,isiah kiner-falefa,PIT,79,-0.027098348131627585,-1.7904165573070907,19.420948487016982,85.22903043351097
666185,dylan carlson,BAL,6,-0.027712526519619852,-0.13960365648726358,1.4713860937145646,84.83551896705049
592663,j. t. realmuto,PHI,73,-0.028938343308417713,-1.7864800774630512,17.813895216659194,84.05012343441282
467793,carlos santana,CLE,92,-0.029879017922046926,-2.3365305480835485,22.365312288344484,83.44742191656644
621493,taylor ward,LAA,93,-0.029899942945358984,-2.36384068436901,22.606500443759327,83.43401500292337
642180,tyler wade,SD,19,-0.030968905968664705,-0.502901472604539,4.59856606970125,82.74911756088188
669208,ryan bliss,SEA,40,-0.03185759034392873,-1.0936852113457596,9.646246456666429,82.17972681290416
691026,masyn winn,STL,51,-0.0319354101285834,-1.398350229287846,12.295062647427693,82.12986674264152
682668,luisangel acuña,NYM,50,-0.03237481696022798,-1.392529802464,12.032384782551235,81.84833351048326
700242,trey sweeney,DET,69,-0.03263083746867899,-1.9390573234205173,16.587324803900508,81.68429809716653
669357,nolan gorman,STL,32,-0.03264295248804869,-0.8996540756221725,7.692291258787578,81.67653585881432
681460,brooks baldwin,CWS,59,-0.03288296655992021,-1.6726581742127435,14.168741036105233,81.52275596157295
670042,luke raley,SEA,69,-0.032990295413439015,-1.963439812024608,16.562942315296418,81.4539890766297
687957,dustin harris,TEX,21,-0.03330803301732769,-0.6041281086392231,5.034336017067176,81.25041077934605
667670,brent rooker,ATH,100,-0.03358847635565295,-2.904369832644331,23.94545933738614,81.07072736573033
666971,lourdes gurriel,AZ,84,-0.03512217971943502,-2.5663195846043836,19.987536918221213,80.08806520829073
807713,matt shaw,CHC,59,-0.03516581516529938,-1.8050648781908827,14.036334332127094,80.06010745427747
624428,adam frazier,PIT,72,-0.036139963678949394,-2.2717417126113184,17.06013528981062,79.43595880683021
665161,jeremy peña,HOU,86,-0.03620113685142234,-2.718641050997457,20.37221203522875,79.39676442083665
669394,jake burger,TEX,71,-0.03622461503095414,-2.2460981880566493,16.817280522664984,79.38172166935269
678246,miguel vargas,CWS,86,-0.03704880655824739,-2.7903058631123447,20.30054722311386,78.85365226331304
663697,jonathan india,KC,90,-0.03716259060879709,-2.9301546397198024,21.23469161330762,78.78074945613677
570482,gio urshela,ATH,57,-0.03749736315259052,-1.8745234261996773,13.42987920071769,78.56625666835
678877,jhonkensy noel,CLE,41,-0.0378916079428529,-1.3642316597100634,9.64419830000243,78.31365929828019
686797,brooks lee,MIN,22,-0.038692658533415414,-0.7493513546823525,5.15761106272435,77.8004165682132
641555,j. c. escarra,NYY,23,-0.03924421737367514,-0.7958837586129667,5.379576950494041,77.44702619773898
676475,alec burleson,STL,69,-0.03946818145442391,-2.402843043683198,16.123539083637827,77.30352972249173
677587,brayan rocchio,CLE,62,-0.03999048251883056,-2.190910522341824,14.45598356307707,76.96888516024913
643289,mauricio dubón,HOU,32,-0.04033617166471063,-1.1416672098637521,7.450278124545998,76.74739797445052
663616,trevor larnach,MIN,84,-0.040724522716174646,-3.028945367268585,19.524911135557012,76.49857679358377
668901,mark vientos,NYM,81,-0.04159061995379055,-2.9897343479160634,18.758627279808618,75.94365789585807
518792,jason heyward,SD,48,-0.04160736722982606,-1.7724846816041135,11.115433320010512,75.93292771504937
642708,amed rosario,WSH,42,-0.04236204069257025,-1.5820835060971072,9.694844745315692,75.44939936753771
605361,nick martini,COL,51,-0.04315937319037009,-1.9610765863308794,11.73233629038466,74.93853886413984
683002,gunnar henderson,BAL,60,-0.043653153093582524,-2.336273896853837,13.773623605164445,74.62216815227382
686611,dylan crews,WSH,73,-0.044661726105370926,-2.914845320631308,16.685529973490937,73.97596331559969
681624,andy pages,LAD,65,-0.04468412679433123,-2.596841599109914,14.85554736140989,73.96161092526027
521692,salvador pérez,KC,95,-0.044989694739752985,-3.823921134283125,21.683416577245822,73.76582987425438
621020,dansby swanson,CHC,97,-0.04737972232278286,-4.132330601116873,21.912003693812682,72.2345105092836
663647,ke'bryan hayes,PIT,83,-0.04907460076962508,-3.674203892900122,18.611154318225168,71.14858154120414
686554,oliver dunn,MIL,41,-0.04934885269933325,-1.826022059290575,9.182407900421918,70.97286503741788
672515,gabriel moreno,AZ,58,-0.05007961989795525,-2.6248197405185003,12.948081178099173,70.50465372032642
650490,yandy díaz,TB,97,-0.05033318701639478,-4.413964138566552,21.630370156363004,70.34219022344324
664770,nathan lukes,TOR,34,-0.05092801641337332,-1.5670443271612393,7.561897590649121,69.96107588781186
641857,ryan mcmahon,COL,87,-0.05157398988723346,-4.065037670613351,19.294313707313158,69.54719292813259
665750,leody taveras,TEX,61,-0.05226632530157799,-2.891715947976568,13.486679845742017,69.10360531660518
514888,josé altuve,HOU,91,-0.052428019058372355,-4.328336234245742,20.105008310481985,69.00000618547708
691023,jordan walker,STL,81,-0.052810291927048364,-3.8831345182547876,17.865227109469892,68.75507936929179
595879,javier báez,DET,59,-0.05344187703245388,-2.8650883540483876,12.97631085626959,68.35041521001524
677588,josé tena,WSH,17,-0.0534922991452562,-0.8263765894845927,3.7380943694205877,68.31810915702022
676801,chas mccormick,HOU,22,-0.05432452691676081,-1.0874274181688728,4.81953499923783,67.78489083283841
673357,luis robert,CWS,80,-0.054375749943375684,-3.9583099529685164,17.52155338305586,67.75207162474862
641313,tim anderson,LAA,47,-0.05479373919065338,-2.3448198340873327,10.27459987582699,67.48426089601449
645302,víctor robles,SEA,46,-0.05494631964689398,-2.301829867714277,10.049091550499739,67.38650076595728
607043,brandon nimmo,NYM,91,-0.05582500164623436,-4.632225643866735,19.801118900860992,66.82351866031338
669224,austin wells,NYY,71,-0.05594808033249771,-3.62274464520982,15.440634065511812,66.74466066845235
682657,angel martínez,CLE,30,-0.056641207257882006,-1.5511787736151152,6.503769977394025,66.3005659262996
672279,michael siani,STL,17,-0.05726292887554916,-0.8893915489424794,3.675079409962701,65.90222142202916
681297,colton cowser,BAL,18,-0.057320845774305934,-0.9427335449886298,3.8902357056168553,65.86511336969745
622569,pablo reyes,NYY,9,-0.058065401645238955,-0.4779542728885009,1.9385303524142417,65.38806748472193
690993,colt keith,DET,74,-0.059178251944612445,-4.010802295438188,15.85807129038436,64.67505093803261
667472,dane myers,MIA,43,-0.05942896463975422,-2.3411993757661205,9.204227167346982,64.51441630442395
596103,austin slater,CWS,20,-0.05975902741637422,-1.0954193848376317,4.274546449168462,64.30294112100641
682985,riley greene,DET,89,-0.0598475844592518,-4.882364340186134,19.013983621140987,64.24620156049846
502054,tommy pham,PIT,78,-0.061400642540327774,-4.398012721333873,16.544854031289894,63.25113860333329
669087,sam huff,SF,24,-0.06192514167321584,-1.3656094458731265,5.078349554934187,62.91508571222663
664728,kyle isbel,KC,59,-0.06241071706466551,-3.385286909648656,12.456112300669322,62.603971729543
572233,christian walker,HOU,87,-0.06329018978722907,-5.067081868909763,18.292269509016744,62.04048299803729
683734,andrew vaughn,CWS,83,-0.06342707509531412,-4.8452816259387665,17.440076585186524,61.952778937825194
660757,oscar gonzález,SD,26,-0.06347587722854223,-1.519046426974676,5.461909157233247,61.92151082519138
571970,max muncy,LAD,70,-0.06349513765878943,-4.091065773939357,14.703814645081971,61.90917043630859
676059,jordan westburg,BAL,78,-0.06377556197249126,-4.58011875526353,16.362747997360238,61.729499211997485
701305,zach dezenzo,HOU,16,-0.0644582519872551,-0.9502495639231259,3.3457231032817494,61.29209152377544
669397,nick allen,ATL,48,-0.0646196637734227,-2.8583652248572013,10.029552776757424,61.188673054612984
671739,michael harris,ATL,86,-0.06592828352126615,-5.231872753927398,17.858980332298806,60.350224672056896
668715,spencer steer,CIN,66,-0.06594352434659927,-4.016147016493398,13.70474023572671,60.34045969229831
663796,coco montes,TB,10,-0.06614141195621565,-0.6104524813505519,2.074530435652495,60.21367072515626
678662,ezequiel tovar,COL,70,-0.06631932779952635,-4.285410529191951,14.509469889829377,60.099677908449365
665155,nick maton,CWS,49,-0.06636928787648745,-3.002193948926567,10.154222344388362,60.06766788736459
641658,garrett hampson,AZ,31,-0.06719357791673038,-1.924467363587481,6.3989796791219655,59.539535362895414
681146,jonah bride,MIA,48,-0.0673256221363385,-2.986051200551829,9.901866801062797,59.45493304618824
687401,joey ortiz,MIL,87,-0.0676252474183468,-5.437843667583388,17.92150771034312,59.26295953097361
666397,edouard julien,MIN,65,-0.06797724418146914,-4.08524901193367,13.367139948586136,59.037430979084306
641598,mitch garver,SEA,41,-0.06833455928800143,-2.591251153915656,8.417178805796837,58.80849490072496
596146,max kepler,PHI,78,-0.06872106114129949,-4.95933382556747,15.983532927056299,58.56085852332294
605137,josh bell,WSH,83,-0.0706137797082717,-5.431674574999604,16.853683636125687,57.34817101518549
571771,enrique hernández,LAD,46,-0.07170175827811376,-3.059524979549018,9.291396438664998,56.6510900841946
645444,josé herrera,AZ,28,-0.07302232763759679,-1.898669191592625,5.619282976015906,55.80498544200473
663609,luken baker,STL,33,-0.07312599298187954,-2.2410802732842723,6.619363352825783,55.73856581140979
663604,brandon lockridge,SD,36,-0.0745240530862208,-2.494292508580113,7.171645992630857,54.842811918705
640902,jhonny pereda,ATH,15,-0.07555835195802595,-1.0545402420176373,2.972934133486933,54.18012421467658
608385,jesse winker,NYM,46,-0.07640694242500615,-3.272297387771144,9.078624030442871,53.63642211506774
608671,travis jankowski,CWS,15,-0.0765922786858694,-1.069786451185467,2.9576879243191034,53.51767494775205
669911,michael toglia,COL,76,-0.07771076518691653,-5.503816501615866,14.90205366760729,52.801047218987264
457705,andrew mccutchen,PIT,60,-0.07797526872484511,-4.360719691337208,11.749177810681072,52.63157662684461
702176,alan roden,TOR,65,-0.07893316781610384,-4.785321813744462,12.667067146775343,52.01783917939942
669289,santiago espinal,CIN,59,-0.0810370013642789,-4.465623514389005,11.375775695928972,50.669887768348524
671213,triston casas,BOS,79,-0.08107000914443582,-5.981957643754557,15.229407400569515,50.64873928734023
676391,ernie clement,TOR,55,-0.08218214431741022,-4.224785428453151,10.542620615063608,49.936180930719985
683146,brett baty,NYM,53,-0.08253440382569821,-4.089510390674671,10.140899069441478,49.710484034848754
600869,jeimer candelario,CIN,80,-0.0837072294669604,-6.265082686345104,15.214780649679273,48.95904056660129
621438,tyrone taylor,NYM,56,-0.0841370175501558,-4.409218343987359,10.626685991229705,48.683670182048466
669477,casey schmitt,SF,24,-0.08421712955174827,-1.891555125868018,4.552403874939294,48.63234146087546
663898,brendan rodgers,HOU,45,-0.08435450611121495,-3.5527430955994794,8.529680030914232,48.54432265000563
682641,luis matos,SF,31,-0.08496928676062919,-2.466180633532601,5.857266409176845,48.15042530742188
621043,carlos correa,MIN,78,-0.08530229164340455,-6.2307631142912,14.712103638332568,47.937065081270305
673237,yainer diaz,HOU,66,-0.08573176325897935,-5.300049186874235,12.420838065345874,47.66189746132123
665561,rafael marchán,PHI,20,-0.08714472346752972,-1.6338560573258785,3.7361097766802156,46.75659689297241
664774,lamonte wade,SF,66,-0.08726217512614236,-5.399345497502355,12.321541754717753,46.68134420528021
680779,henry davis,PIT,20,-0.08860263265902657,-1.6625203561040895,3.7074454779020045,45.82249697163265
642350,josé siri,NYM,24,-0.08903867374149654,-2.0053121560315175,4.438646844775795,45.543120215376725
668952,ryan kreidler,DET,44,-0.0891009137283817,-3.6790977927438546,8.134827042069551,45.503242308582045
623993,anthony santander,TOR,98,-0.08915564332958238,-8.199626827999946,18.113205758629913,45.468176396058354
682848,endy rodríguez,PIT,51,-0.09012167550382803,-4.315585876296329,9.37782700041921,44.84922798470494
664913,seth brown,ATH,29,-0.09028470862115895,-2.4586084739291953,5.327841985379641,44.744770709201916
595777,jurickson profar,ATL,16,-0.09345658532178829,-1.4063640575386278,2.889608609666247,42.7125112284072
607732,jacob stallings,COL,35,-0.09370871631065585,-3.085096488531901,6.312343720978763,42.55096787698166
575929,willson contreras,STL,90,-0.09413641119259071,-7.97094580403773,16.193900448989694,42.27693863160555
657557,paul dejong,WSH,57,-0.09500883226039582,-5.097151377508606,10.207251249408761,41.71796797995942
650559,bryan de la cruz,ATL,50,-0.0952927179378165,-4.485139278140296,8.939775306874939,41.53607901835964
672386,alejandro kirk,TOR,66,-0.09560611169001801,-5.940717486758951,11.780169765461158,41.33528387900035
572191,michael taylor,CWS,47,-0.09561839069161837,-4.231078275400508,8.388341434513814,41.327416575264344
455117,martín maldonado,SD,37,-0.09600563062702105,-3.344934045286634,6.589502747624641,41.079307299797144
595978,austin hedges,CLE,24,-0.09638398475432258,-2.178613640693418,4.265345360113895,40.836891268255386
686681,michael massey,KC,80,-0.09699500958304935,-7.310099485932426,14.16976385009195,40.4454003250751
691728,zac veen,COL,37,-0.0972882232239291,-3.39158615681896,6.542850636092314,40.25753482530394
657656,ramón laureano,BAL,26,-0.09846064743175428,-2.413243462793499,4.567712121414424,39.50634856027882
656537,derek hill,MIA,48,-0.09852942183449316,-4.458463956210549,8.429454045404077,39.462283974800336
592669,hunter renfroe,KC,56,-0.09900808815351844,-5.227892564272099,9.808011770944965,39.15559671776314
493329,yuli gurriel,SD,34,-0.09936636509767285,-3.186052714023427,5.942889203786933,38.92604437849236
676439,hunter feduccia,LAD,3,-0.10060682026064066,-0.28478063081987687,0.5207142442810373,38.13126986378884
666134,nolan jones,CLE,59,-0.1040046499625316,-5.797762072266638,10.04363713805134,35.95423958249712
553869,elías díaz,SD,46,-0.10518512189155657,-4.5736710127313165,7.777250405482699,35.197897045885576
676070,jacob amaya,CWS,45,-0.10547760100402569,-4.487182009891084,7.595241116622628,35.01050216728521
643376,danny jansen,TB,58,-0.10586498214754704,-5.8055665736327695,9.767334344984903,34.76230241808116
691777,max muncy,ATH,71,-0.10623732000101468,-7.132802465382659,11.930576245338973,34.52374108541074
664761,alec bohm,PHI,90,-0.10930431349489972,-9.312934582800892,14.851911670226531,32.558681534310644
671221,drew waters,KC,31,-0.10966141413013256,-3.2186711911075325,5.104775851601914,32.32988287028762
666023,freddy fermin,KC,35,-0.11021947112226227,-3.6531847621599596,5.744255447350705,31.972329055899323
663584,hayden senger,NYM,26,-0.11264691283250086,-2.775838854931363,4.205116729276559,30.417038010465518
592696,eddie rosario,LAD,4,-0.11443568215128501,-0.4340860151878688,0.63990715161335,29.270952033563418
810938,ben williamson,SEA,24,-0.11475562627661107,-2.61206468802543,3.8318943127818827,29.06595999150534
681508,mickey gasper,MIN,22,-0.11506411145582834,-2.4010643510804095,3.5058980663262935,28.868309833784966
543760,marcus semien,TEX,86,-0.1156785208524128,-9.43792303778343,13.652930048442775,28.47465035734618
669016,brandon marsh,PHI,51,-0.1159495217638934,-5.610494791818056,8.082918084897484,28.301016819967128
687952,christian encarnacion-strand,CIN,60,-0.11669215079693457,-6.644385125263922,9.46551237675436,27.825205483160794
669004,mj melendez,KC,53,-0.11766612882601618,-5.919953335868128,8.31045612424802,27.201166067223177
669304,josé miranda,MIN,36,-0.1226566509232175,-4.197716090894105,5.468222410316865,24.003678647822365
686555,isaac collins,MIL,25,-0.12514915940801755,-2.9763378700987717,3.736119422408846,22.406698538793805
672284,jarred kelenic,ATL,55,-0.12587804837560962,-6.587353176627735,8.180052866889024,21.93969062687158
675659,greg jones,CWS,2,-0.12676873115286477,-0.2412913080703611,0.2957052753302483,21.369019478747127
670764,taylor walls,TB,63,-0.12714505060858808,-7.62398275865758,9.291409618461618,21.127907085711975
664983,jake mccarthy,AZ,47,-0.1277020754242213,-5.713469892481977,6.905949817432345,20.77101459919637
678554,curtis mead,TB,34,-0.12932390075810965,-4.187356490914798,4.941585426895562,19.73189163759647
649966,luis urías,ATH,25,-0.13015604900096364,-3.099389926494659,3.6130673660129586,19.198724268375855
680718,addison barger,TOR,15,-0.13020348404614404,-1.860333429661454,2.1671409458431166,19.168332065466252
641943,joshua palacios,CWS,22,-0.13579223195047305,-2.849358899655928,3.057603517750775,15.58755418967723
605131,austin barnes,LAD,19,-0.1387149401170645,-2.5154008150600133,2.586066727245776,13.71493997993411
672744,alexander canario,PIT,26,-0.13940519764518913,-3.4597701434354353,3.5211854407724874,13.27268369505302
669194,ryne nelson,AZ,1,-0.1448294037748088,-0.1384004126713935,0.1300978790289112,9.797329709660971
691182,adael amador,COL,22,-0.14504784688636363,-3.049533426842119,2.857428990564584,9.657370585656077
669261,jack suwinski,PIT,45,-0.1486305855996796,-6.396174431627985,5.686248694885727,7.361866880892906
672359,tirso ornelas,SD,1,-0.14864033103942992,-0.14214678996197683,0.12635150173832788,7.355622860649888
671289,tyler freeman,COL,16,-0.15311678155292,-2.3447586845345993,1.951213982670276,4.487507276414364
660821,jesús sánchez,MIA,20,-0.15319377344467935,-2.9324621115329914,2.4375037224731027,4.438177647068677
657041,lane thomas,CLE,48,-0.15421842735539412,-7.086259380873929,5.801658620740697,3.781669585399601
640492,josé azocar,NYM,3,-0.15469066331881684,-0.4442839228152189,0.3612109522856952,3.4791023343940277
691907,tsung-che cheng,PIT,7,-0.15746067834283695,-1.0557241596525384,0.8237638822495945,1.7043204541930286
660644,vidal bruján,CHC,3,-0.1576952672846506,-0.45314505761248625,0.35234981748842786,1.5540165029089674
681962,vinny capra,MIL,34,-0.15893718290619818,-5.177153902728961,3.9517880150813998,0.7583062548604529
500743,miguel rojas,LAD,27,-0.1592039078328861,-4.118348867551041,3.131105008357186,0.5874123922717072
670032,nicky lopez,LAA,6,-0.16225044571766445,-0.9331582486492318,0.6778315015525964,-1.364541004502092
680577,dashawn keirsey,MIN,19,-0.1666641733082243,-3.037441499563288,2.0640260427425012,-4.192469259021178
668845,aaron schunk,COL,7,-0.1673279562628581,-1.1236251725735544,0.7558628693285785,-4.617762966836732
592178,kris bryant,COL,41,-0.16945642813848996,-6.667022355048695,4.3414076046637975,-5.981500450074815
621035,chris taylor,LAD,12,-0.17067591274764948,-1.965709561983993,1.2562699384196634,-6.762838879199746
543877,christian vázquez,MIN,33,-0.17255815979543804,-5.466763350562277,3.3936802755477773,-7.968817159284576
656413,stuart fairchild,ATL,18,-0.1726807501283202,-2.9840401683667617,1.8489290822387234,-8.04736225727157
644433,chadwick tromp,ATL,6,-0.1728281272318725,-0.9955493409900487,0.6154404092117796,-8.141788536794602
680474,max schuemann,ATH,17,-0.17437218275705865,-2.8465274687595916,1.7179434901455886,-9.131083448324546
669707,jared triolo,PIT,31,-0.17783964929582594,-5.296397319220376,3.0270497234890703,-11.352730887000224
657136,connor wong,BOS,26,-0.1929317306234222,-4.827887379843637,2.1530682043642857,-21.022408575558195
676914,davis schneider,TOR,21,-0.19891911373941668,-4.023052828239062,1.615411297467337,-24.85859681711743
666181,will benson,CIN,4,-0.1991480675776154,-0.7671960799625098,0.306797086838709,-25.00529028986542
518595,travis d'arnaud,LAA,27,-0.20235378788256522,-5.26366191765219,1.985791958256037,-27.059233774244163
666152,david hamilton,BOS,29,-0.20399494761273781,-5.700350285579597,2.08610017372924,-28.11074451565475
456781,donovan solano,SEA,31,-0.2126286288699059,-6.356588620092031,1.966858422617415,-33.642447745341514
605204,j. d. davis,LAA,4,-0.2223125834029258,-0.8582846891217077,0.21570847767951107,-39.84707367150372
681584,david villar,SF,4,-0.22799389911012113,-0.8806250285384843,0.19336813826273447,-43.48716084987506
656180,riley adams,WSH,13,-0.23053737182292933,-2.894536426351714,0.5959413657522474,-45.116794351619156
680716,jonathan ornelas,TEX,5,-0.23104759480761952,-1.1157911447166855,0.22670031378483801,-45.44370034318883
677649,ezequiel duran,TEX,15,-0.23294477870332805,-3.3753491714289847,0.6521252040755856,-46.65924884105439
656582,connor joe,SD,6,-0.23318700092546826,-1.3515683851583287,0.25942136504349955,-46.814443526681956
621028,kevin newman,LAA,23,-0.24066179923437858,-5.350020495119244,0.8254402139877639,-51.603636538912625
671286,johnathan rodríguez,CLE,5,-0.2474832084155746,-1.1965772701162305,0.14591418838529302,-55.97419529301399
592626,joc pederson,TEX,62,-0.2489734695045805,-14.928389318503127,1.7185047669157658,-56.929023463475595
622761,jorge mateo,BAL,17,-0.25940241790189406,-4.2675571650193875,0.29691379388579264,-63.61097590221766
666165,blake sabol,BOS,11,-0.259973016039738,-2.7675307845506105,0.185950424152741,-63.97656497922277
686475,tyler tolbert,KC,5,-0.26121173460644653,-1.2640572233970686,0.07843423510445491,-64.77022683585497
678225,ji hwan bae,PIT,4,-0.26271749943357825,-1.0171668186762974,0.05682634812492138,-65.73498843745773
686527,dominic canzone,SEA,3,-0.2845980492907228,-0.8274049169121066,-0.021910041811192493,-79.75411940915048
607067,colin rea,CHC,1,-0.4823274637191209,-0.4701818872561645,-0.2016835955558598,-206.44172899509994
